case,hyperparameters,num_trading_days,pct_trading_days,num_positive_returns,pct_positive_returns,mean,std,min,median,max,skew,kurtosis,t_statistic,p_value
cluster_3,"(10, 50, 2, 0.2, -2, -0.2)",424.5,0.468026461,213.0,0.502131316,0.001180588,0.023638809,-0.12720878,0.000169858,0.154811172,0.564643847,9.871684428,-2.38548563,0.028633657
cluster_3,"(10, 50, 2, 0.3, -2, -0.3)",402.6,0.443880926,201.6,0.500933501,0.001216111,0.023752934,-0.124843054,0.000152479,0.154811172,0.576379368,10.11131797,-2.417571939,0.026513138
